,features
0,day
1,hour
2,C29
3,W89
4,SE9
5,PL40
6,SB44
7,Q70
8,W44
9,Y70M
10,CK60
11,TP30
12,BJ62
13,S108
14,SAM2
15,DRM5
16,W74
17,PR6
18,TM4
19,A33
20,SB38
21,SE34
22,SE24
23,CK40
24,KBM
25,MR7
26,T25
27,W43
28,TBM8
29,PL67
30,B95
31,JM15
32,HLM
33,T80
34,HE17
35,HG22
36,Y12
37,KM1
38,PL14
39,JM13
40,N0012
41,HR4
42,GE1A
43,AM32
44,W17
45,TM46
46,DUX
47,TP41
48,TJ36
49,PDW8
50,CK1
51,T47
52,SK8
53,CK55
54,SK41
55,A63
56,A21
57,BM13
58,SI8
59,Y76M
60,Y25
61,J72
62,Q16
63,MR4
64,T76
65,S14L
66,J77M
67,W107
68,U64
69,CC1
70,Y5
71,P2
72,BM4
73,J97
74,PP9T
75,LT1
76,B45
77,Q84
78,J43
79,PM29
80,HG30
81,B45B
82,A72
83,SK12
84,Y32
85,BE32
86,J36
87,W75
88,CK14
89,P14
90,S24L
91,EPML
92,B72
93,JM1
94,PR1
95,C35
96,PRM
97,BLM
98,SE31
99,T3
100,TP43
101,BE28
102,BJ14
103,SK32
104,PDC4
105,PM26
106,HG64
107,TP40
108,TJ30S
109,MP17
110,U13
111,SAM
112,SK59
113,TG3
114,SD11
115,TBM4
116,T47A
117,TG6
118,BJ11
119,UBM1
120,J76M
121,S40L
122,J70
123,T50
124,GSM
125,SK75
126,CKT2
127,B33
128,TPM8
129,PL60
130,BE19
131,RHS
132,W59
133,W554
134,SGLM
135,TB14
136,J11
137,SB7
138,SK51
139,Q73
140,BTM3
141,RC2
142,SB12
143,JM3
144,M37
145,JM16
146,SK67
147,SK33
148,TPMN
149,SPS
150,J90
151,B59
152,TM9
153,MR6
154,T8
155,PL21
156,W109
157,T32
158,W1
159,PDP4
160,B99M
161,SE21
162,SK97
163,A20
164,J88M
165,TP63
166,PL70
167,GBM
168,U38
169,B54
170,CC12
171,HG20
172,TM29
173,SK68
174,CK29
175,A50
176,W5
177,SK23
178,B66
179,BJ27
180,HG45
181,BL10
182,KAM
183,AM46
184,PL78
185,Y16
186,TM18
187,BJ15
188,SB32
189,PM32
190,W85
191,HG14
192,BJ32
193,B97
194,W55
195,TPMM
196,W70
197,JM19
198,SK74
199,CK48
200,TM48
201,Y68L
202,TM16
203,TM36
204,W64
205,BE40
206,B28
207,HG61
208,SB17
209,CK70
210,TB17
211,Q85
212,RHM
213,PM13
214,SK37
215,TE13
216,W56L
217,SK92
218,TP68
219,YHS
220,MP1M
221,BJ26
222,RH3
223,SE37
224,MP12
225,SI6
226,T37
227,TW3
228,LUB
229,A11
230,B41
231,HG48
232,HG80
233,GM6B
234,W57
235,J26
236,HG1B
237,CK57
238,Y20
239,HG7
240,W39
241,T81
242,HG91
243,Y49M
244,A71
245,Q89
246,BJ13
247,CC10
248,TE14
249,C20
250,PM2
251,TBL
252,GSML
253,TGM2
254,TE25
255,BJ48
256,BJ21
257,BR10
258,C19M
259,W105
260,AR9
261,BA1
262,M36
263,TP53
264,BKE4
265,M32
266,AH1
267,EC2
268,J35
269,A36
270,JM24
271,SB5
272,TM20
273,J62
274,BE45
275,Y56
276,BJ2
277,BJ30
278,BVM2
279,CK38
280,U24T
281,H4
282,C11
283,SK72
284,U2
285,PL53
286,P5L
287,C31
288,J80S
289,Y7
290,KLM
291,UBK4
292,Y45M
293,GM1M
294,CK18
295,SB15
296,W102
297,SK50
298,CK11
299,HG53
300,J4
301,S38L
302,BR9
303,BE31
304,J15
305,TM51
306,W516
307,HR5
308,Y51
309,BM14
310,S15L
311,TJ29
312,CK44
313,W53
314,SB33
315,SE40
316,GE3
317,W106
318,BJ66
319,PL50
320,CK47
321,SK10
322,BE33
323,PL30
324,A35
325,PM25
326,W37
327,T35
328,HG16
329,C13M
330,NBRM
331,BJ53
332,T46
333,U30
334,ACM
335,B20
336,BE7
337,B52
338,W23
339,TJ31
340,CK30
341,CKM5
342,Q19
343,AR1L
344,TB23
345,Y69M
346,JM18
347,SE22
348,JBM2
349,KJ1
350,W4M
351,B23M
352,A30
353,Q8
354,W51
355,U50
356,A43
357,SD9
358,B44B
359,P16
360,T28
361,TPM9
362,W536
363,H12
364,K7
365,U52
366,W86
367,CK2
368,B57
369,CK21
370,CR30
371,GM1A
372,W54
373,SB1
374,MM4
375,BL15
376,TBCM
377,TM54
378,PM18
379,TPMQ
380,SK88
381,Q65
382,TE2
383,MM6
384,BP2
385,HG94
386,J91
387,PL12
388,JMSC
389,SB28L
390,TG7
391,U5
392,W100
393,Q80
394,T73
395,PGS
396,A94
397,SK29
398,T24
399,MP1
400,A59
401,B25
402,J24
403,SK2
404,BM2
405,SG2
406,TP3A
407,C33
408,KTM5
409,SK44
410,T45
411,J8M
412,Y52M
413,Y71M
414,BE4
415,DWSP
416,SB10
417,PL27
418,PL68
419,PDJ7
420,CK36
421,U56
422,J18
423,T1
424,MNRM
425,AM22
426,HG92
427,B74
428,J86S
429,J9
430,Y13
431,B31
432,SG4
433,Q75M
434,UBM2
435,B96
436,TP49
437,BE42
438,CLRG
439,T48
440,BR5
441,BE38
442,SB43
443,JCML
444,A45
445,MP2
446,W48
447,T17
448,U51
449,KTM
450,B48
451,PL56
452,K10
453,CR1B
454,MP19
455,TP2
456,C21M
457,PM45
458,CK20
459,U29
460,HG4
461,HE3
462,SK19
463,HE9
464,JM12
465,PL44
466,W72
467,HG99
468,P40L1
469,B14
470,B45A
471,SK60
472,AM51
473,TM8
474,PL18
475,PL75
476,SK53
477,CK8A
478,BKE7
479,J5
480,TG2
481,J47
482,SM3
483,BJ49
484,U65
485,LT2
486,BJ36
487,T75
488,SE19
489,SE53
490,CC11
491,A28
492,HE1
493,KB18
494,W68
495,BR6
496,HG78
497,CK6A
498,SE23
499,PM7
500,PP2
501,CK16
502,TM49
503,CR29
504,A10
505,BM3
506,PM41
507,SK3
508,J79M
509,HG1A
510,TP7
511,B46
512,C6
513,A78
514,TBM5
515,CK10
516,A4
517,JS5L
518,W98
519,BJ19
520,SB23
521,SE52
522,W13
523,TM15
524,U26
525,PM27
526,W61
527,TM34
528,U28
529,BKE1
530,SE14
531,SK36
532,BL18M
533,W78
534,W52
535,T55
536,A8
537,TPMC
538,KTM4
539,CKM8
540,P17
541,TEST
542,J49M
543,W96
544,PL19
545,DRS
546,TPM3
547,AM19
548,BA2
549,Y29
550,Q16A
551,BR14
552,JM6
553,W87
554,TJ32
555,JM29
556,PL54
557,Y17
558,SB3
559,BM20
560,J38
561,MM3
562,HG2A
563,K2T
564,J81M
565,BE27
566,W517
567,TJ27
568,W73
569,JB42
570,S111
571,BL17
572,A7
573,Y34A
574,PL69
575,TPMA
576,Y2
577,PM37
578,A82
579,MM2
580,TE4
581,TPMD
582,GM6A
583,SE20
584,TBC2
585,TPB1
586,C5
587,JM9
588,PM14
589,Q86
590,Y63M
591,W71
592,B88
593,GEML
594,J6
595,M3
596,MNM
597,T7A
598,BJ35
599,TP60
600,TBM3
601,CK3
602,HG12
603,TM55
604,TB6
605,C32
606,P5
607,JM7M
608,PR7
609,B79
610,CK3A
611,W36
612,RHM4
613,TGM1
614,PL41
615,CKM9
616,P7
617,KB1
618,TB22
619,BKRM
620,MR567
621,W780
622,J74
623,PL17
624,BRB1
625,BB8M
626,S13L
627,CK17
628,M38
629,BBM9
630,U11
631,C9
632,TJ39
633,SE12
634,JM21
635,PDQ5
636,PL36
637,W92
638,SB16
639,A74
640,J20
641,SK24
642,W182
643,BRBL
644,ALL
645,SIM4
646,HG98
647,SI12
648,CLM
649,CKM1
650,CR7
651,C17
652,W579
653,TB28
654,J34
655,JKS
656,CLTR
657,HG47
658,U18
659,SD1
660,BJ28
661,A48
662,W93
663,SK43
664,SK89
665,Q81
666,PL20
667,TM3
668,JB3
669,P6L
670,SK65
671,KJM1
672,Y34
673,HG15
674,AR1M
675,HG2B
676,CK31
677,TM37
678,TPM2
679,JSR2
680,W12M
681,SK82
682,Y59M
683,CC8
684,SK77
685,PP1
686,A65
687,SK55
688,C30
689,HG9T
690,W527
691,JM30
692,S36L
693,T30
694,TB3
695,CKM6
696,TJ33
697,JB1
698,W104
699,W21
700,CK72
701,NT1
702,KB11
703,W181
704,SK94
705,HE24
706,BWM
707,HG18
708,KJ3
709,MP16
710,SB40
711,PL15
712,W546
713,H6
714,PL51
715,W578
716,PRS1
717,TW1
718,U17
719,MLM1
720,A87
721,W12L
722,AM81
723,W50
724,TM5
725,TM12
726,SE42
727,Q87
728,J10
729,PL32
730,S107
731,BE44
732,B94A
733,SK27
734,BH1
735,BE37
736,B80
737,W5M
738,TM28
739,W14
740,B11
741,JM5
742,SK96
743,PL35
744,W76
745,T13
746,TPMB
747,BJ56
748,SB9
749,T49A
750,TRS
751,TGM4
752,J67
753,B91
754,CK23
755,SK58
756,TB19
757,BJ60
758,STAM
759,SPM
760,PL62
761,SE13
762,JM13S
763,AM43
764,SE28
765,CVBK
766,B53
767,Q68
768,A47
769,BB
770,Q88
771,B88M
772,FRM
773,W8M
774,SB26
775,DWVT
776,SB4
777,TPM5
778,A88
779,AM16
780,J83M
781,HG54
782,S100
783,CK62
784,CR2
785,KB10
786,PL65
787,TM27
788,J7
789,H18
790,Y28
791,Y60M
792,J48
793,HG88
794,KJ4
795,TM50
796,HR1
797,PM30
798,PL55
799,W19
800,J63
801,J92
802,HG46
803,BJ16
804,M16
805,TM7
806,BJ1
807,J52
808,Y30M
809,EC4
810,S30L
811,J60L
812,BJ25
813,PL71
814,TM24
815,HG86
816,KU3
817,W103
818,B90M
819,J57
820,W67
821,PL24
822,HE12
823,SK99
824,W586
825,TBMT
826,CK9A
827,C25
828,CK66
829,CK24
830,STM3
831,B23T
832,BJ24
833,SK31
834,TM6
835,BJ31
836,SK80
837,SK76
838,HG60
839,BJ10
840,SK45
841,W27
842,JSR1
843,W66
844,MM1
845,PM9
846,U23
847,B71
848,U54
849,B6
850,J64
851,Y68M
852,PL45
853,DRM3
854,TWM1
855,PL61
856,W80
857,J93
858,A44
859,T74
860,SK47
861,NT2
862,PL38
863,C28M
864,T29
865,PL42
866,NT4
867,BE34
868,TP31
869,HE19
870,T31
871,BKE9
872,PM33
873,TPM6
874,J65
875,J86M
876,W94
877,TP15
878,CK22
879,TP27
880,BR8
881,CSM
882,BM31
883,BE25
884,BJ58
885,U25
886,SK66
887,TWM3
888,SI7
889,KU9
890,BE30
891,HG90
892,BJ50
893,B16
894,W717
895,W509
896,B9
897,HG74
898,T16
899,U31
900,TRM
901,CK32
902,W11
903,PL46
904,TP12
905,KE2
906,PR14
907,Q94
908,W25
909,TP48
910,A81
911,TM13
912,BM10
913,J2
914,W549
915,SB42
916,SK4
917,TM11
918,MP14
919,MP5
920,GE5
921,Y65M
922,SK16
923,U55
924,Y6
925,TJ28
926,GM2
927,B8
928,JM32
929,W90
930,SB24
931,A67
932,Y54M
933,BJ34
934,TM22
935,PL22
936,CC5
937,C3M
938,B24
939,TG1
940,DRM1
941,TM41
942,TJSF
943,BL3
944,PM40
945,W45
946,B35
947,WDB1
948,KM4
949,HG3D
950,ECM
951,J85M
952,U68
953,FR4M
954,JM8
955,A2
956,HG69
957,C7
958,Y62M
959,J33
960,SK98
961,B86
962,BE12
963,JMB3
964,JM17
965,BE14
966,CK39
967,SMM
968,CK58
969,TPM7
970,PM4
971,SE26
972,HG49
973,KE4
974,MP13
975,PM24
976,BJ61
977,BRM5
978,J14
979,SG3
980,HG93
981,KAMS
982,A64
983,STM2
984,W6
985,BJ68
986,HG89
987,AM79
988,CK51
989,BRM3
990,HG9
991,BR11
992,TM42
993,BBM8
994,BL8L
995,B83
996,BM29
997,KEM1
998,TPL
999,J54
1000,CC9
1001,BL8
1002,SE38
1003,PM44
1004,PM3
1005,U33
1006,PL33
1007,SB25
1008,TAM2
1009,TR1
1010,P35L
1011,SK28
1012,P34L
1013,U6
1014,PM17
1015,BE36
1016,S28L
1017,SDM2
1018,SK79
1019,TB7
1020,W30
1021,SI1
1022,JM8M
1023,TE1
1024,CK45
1025,CR6
1026,Y51M
1027,BM30
1028,H17
1029,JM4
1030,JMB1
1031,GM3
1032,U70
1033,SE33
1034,TBM7
1035,CK34
1036,P4
1037,CKM4
1038,NT3
1039,T26
1040,W95
1041,TP36
1042,BJ29
1043,B92
1044,U43
1045,MPS
1046,KU1
1047,PM8
1048,HG11
1049,B50
1050,A9
1051,B32
1052,TE3
1053,SD2
1054,MP2M
1055,U12
1056,WCB
1057,B51
1058,Y9
1059,TM14
1060,U40
1061,C38
1062,CK78
1063,TB11
1064,TP22
1065,UA2
1066,SB30
1067,W58
1068,J23M
1069,B49
1070,RHM3
1071,Y53M
1072,W588
1073,CV3
1074,TM17
1075,KB20
1076,CK71
1077,BRM
1078,B71M
1079,A75
1080,RCB
1081,PM16
1082,GE1C
1083,A37
1084,BJ41
1085,CK65
1086,J46
1087,SE25
1088,DRM2
1089,B44
1090,Y39
1091,HG43
1092,CK61
1093,B73
1094,PL57
1095,HR3
1096,B81
1097,MN1
1098,PD8W
1099,PL39
1100,TB8
1101,J53
1102,J84M
1103,T15
1104,CK77
1105,Y19
1106,HG10
1107,GM2A
1108,Y3
1109,Y15
1110,A51
1111,SI4
1112,Y3M
1113,KTM2
1114,U48
1115,Y4
1116,BJ8
1117,HG24
1118,SK30
1119,SK78
1120,SE41
1121,T44
1122,SB13
1123,MP5S
1124,BE26
1125,BBM2
1126,B94
1127,BRM6
1128,PDJ3
1129,SB19
1130,JRM
1131,SB37
1132,BM6
1133,A34
1134,SK85
1135,TBM6
1136,JM11
1137,PL34
1138,JM26
1139,Y48
1140,SB2
1141,SE29
1142,BL22
1143,HG19
1144,W69
1145,SB31
1146,SM9B
1147,T9
1148,TM25
1149,BTM
1150,MP7
1151,W782
1152,HG1
1153,SE16
1154,T20
1155,SK18
1156,TGML
1157,U57
1158,J21
1159,SIM5
1160,PP3
1161,J96
1162,SB39
1163,W84
1164,SK9
1165,C18
1166,SB22
1167,U60
1168,U41
1169,B65
1170,W40
1171,Y40
1172,BJ63
1173,Y10
1174,SK20
1175,TPME
1176,C8
1177,A76
1178,U66
1179,PR10
1180,CK19
1181,Q82
1182,C18A
1183,BE232
1184,CV1
1185,Y66M
1186,BM9
1187,Q17
1188,CK46
1189,C27
1190,HG37
1191,SK81
1192,Y27
1193,Y49
1194,B43
1195,Y21
1196,SK95
1197,J69
1198,BJ12
1199,A52
1200,PP6
1201,SE15
1202,CAM
1203,B48B
1204,SK1
1205,S110
1206,BJ65
1207,HG41
1208,SK40
1209,PL52
1210,MP3M
1211,BL23
1212,W108
1213,SB29
1214,TWM4
1215,SH2
1216,K19
1217,B21
1218,CK75
1219,JM14
1220,J80MS
1221,SLS
1222,CV2
1223,W81
1224,BE11
1225,TBM2
1226,B42
1227,TP18
1228,PR8
1229,BJ52
1230,Y73M
1231,HG1C
1232,PL13
1233,CK9
1234,TP54
1235,W691
1236,PL66
1237,T42
1238,SE17
1239,HG35
1240,JMSU
1241,SK62
1242,B89
1243,HE4
1244,GE1B
1245,T78
1246,Y23
1247,U46
1248,SK49
1249,SK93
1250,TJ33S
1251,SIM3
1252,TB18
1253,AR7M
1254,Y36
1255,HG25
1256,Q41
1257,W783
1258,P12
1259,B75
1260,TJ41
1261,TPMG
1262,SG1
1263,CK25
1264,BJ18
1265,KE1
1266,BM26
1267,U63
1268,J8
1269,LT3
1270,B34
1271,SK14
1272,HG97
1273,PM10
1274,HG23
1275,S103
1276,A73
1277,HG67
1278,KB14
1279,JB4
1280,BJ45
1281,PL43
1282,W101
1283,CK13
1284,JBM
1285,W26
1286,W91
1287,J1
1288,C29A
1289,BJMP
1290,J45
1291,SB18
1292,MP6
1293,B19
1294,CK50
1295,TP34
1296,Y48M
1297,JM27
1298,RC3
1299,TP10
1300,CY
1301,J89M
1302,T43
1303,T4
1304,CM1
1305,CKM2
1306,SE35
1307,TJ30
1308,TM31
1309,M25
1310,EPL
1311,EC7
1312,B40
1313,STM1
1314,HG13
1315,BJ3
1316,A53
1317,GE1G
1318,L1
1319,HG52
1320,P6
1321,A68
1322,TPML
1323,DWST
1324,B98
1325,DUXM
1326,B30
1327,A41
1328,MP15
1329,BM19
1330,J62M
1331,PP5
1332,TPM
1333,PR12
1334,T57
1335,DWSV
1336,KTM6
1337,M4
1338,CR31
1339,Y11
1340,CK41
1341,BJ43
1342,JM22
1343,HG73
1344,CDM
1345,Y82M
1346,SK91
1347,K2
1348,GEM
1349,TB1
1350,Y25M
1351,KM3
1352,UA3
1353,TWM2
1354,CK35
1355,AM14
1356,C16
1357,C12
1358,S106
1359,W505
1360,TJ34
1361,CK52
1362,JM28
1363,J55
1364,TM30
1365,B67
1366,A13
1367,HG5
1368,EPM
1369,BP1
1370,W11M
1371,Y28M
1372,BBB
1373,J75M
1374,JKM
1375,T79
1376,HG44
1377,A66
1378,U3
1379,A29
1380,Y41
1381,A40
1382,SE32
1383,J84S
1384,A27
1385,CK4
1386,C4M
1387,PP4
1388,SDM
1389,JM7
1390,TM52
1391,JRTM
1392,BJ42
1393,SK34
1394,T51
1395,TAM1
1396,C21L
1397,J51
1398,T12
1399,U39
1400,A98
1401,AM96
1402,SK39
1403,PL48
1404,T27
1405,J19
1406,UA5
1407,J57L
1408,SB27
1409,B26
1410,Y14
1411,AR2L
1412,U7
1413,Y49L
1414,T58
1415,BE18
1416,W46
1417,BL13
1418,AM64
1419,T34
1420,W28
1421,CK15
1422,U9
1423,AM20
1424,W41
1425,HG39
1426,SB35
1427,PM6
1428,TM10
1429,J23
1430,TM53
1431,HG96
1432,TBM
1433,CR1
1434,U4
1435,TP20
1436,GMLM
1437,TM45
1438,AR5M
1439,CK6
1440,HG2C
1441,Y24
1442,TJ38
1443,S113
1444,BJ33
1445,J37
1446,Y75M
1447,BA3
1448,HG95
1449,AV1
1450,PL58
1451,TM43
1452,SB21
1453,SB34
1454,HG36
1455,J80M
1456,J82M
1457,J73
1458,Q66
1459,BJ4
1460,M20
1461,C3ML
1462,T41
1463,TP52
1464,HG62
1465,C10
1466,TPMF
1467,CC6
1468,TP62
1469,WD1B
1470,T11
1471,TP50
1472,J17
1473,C36
1474,CK76
1475,SE5L
1476,PM20
1477,S109
1478,S102
1479,KJM2
1480,KU2
1481,HG87
1482,J66
1483,SK48
1484,U69
1485,SK5
1486,CTM1
1487,PL31
1488,W88
1489,SK86
1490,M33
1491,U27
1492,SB46
1493,RCM
1494,HG29
1495,CKM7
1496,PM36
1497,TW4
1498,Y64M
1499,CR1A
1500,P9
1501,Y78M
1502,Y61M
1503,HG50
1504,TM32
1505,BJ39
1506,SIM2
1507,SE39
1508,S19L
1509,HG2
1510,TM47
1511,SD5
1512,KB17
1513,SK42
1514,SK6
1515,SH1
1516,JMB2
1517,PM35
1518,W2
1519,C14M
1520,CC7
1521,J78M
1522,Y74M
1523,J32
1524,PM46
1525,B27
1526,T19
1527,BJ38
1528,HG55
1529,CK28
1530,BRM4
1531,P8
1532,U43Z
1533,PM11
1534,PR4
1535,C15M
1536,JCM
1537,PR2
1538,SK87
1539,J25
1540,A69
1541,SD3
1542,FR2C
1543,J56
1544,W574
1545,KE3
1546,Y49HV
1547,W3
1548,A15
1549,H93L
1550,KJML
1551,SB8
1552,Y58
1553,HVM
1554,HG31
1555,BR12
1556,B90
1557,PL28
1558,SK84
1559,U34
1560,BJ51
1561,UBK5
1562,HG3B
1563,KAML
1564,A77
1565,KM2
1566,A24
1567,BJAL
1568,B47
1569,J27
1570,TJ35
1571,W185
1572,KJ2
1573,SK7
1574,SB6
1575,W676
1576,B10
1577,C37
1578,A54
1579,CK64
1580,TM35
1581,W18
1582,J29
1583,BE10
1584,U32
1585,CK42
1586,W77
1587,GE2
1588,W4
1589,H8
1590,PL77
1591,JS4L
1592,BE5
1593,U19
1594,CK63
1595,TPM4
1596,TB4A
1597,SB11
1598,BMVM
1599,BL18
1600,BJ55
1601,U15
1602,BTM2
1603,PM12
1604,SK52
1605,SK46
1606,RHM2
1607,CK74
1608,CK56
1609,B17
1610,J44
1611,W20
1612,HG51
1613,PM38
1614,CK8
1615,JM31
1616,SK73
1617,SK17
1618,B85
1619,T18
1620,CC4
1621,Y1
1622,TBC3
1623,BM5
1624,KB12
1625,W7
1626,HG79
1627,A100
1628,MP5M
1629,KB3
1630,B7B
1631,BE23
1632,HG71
1633,HR2
1634,KAS
1635,SI10
1636,J94
1637,HG3E
1638,A49
1639,BJ37
1640,W83
1641,T38
1642,BL19
1643,PDW5
1644,A25
1645,J50
1646,SK13
1647,HG77
1648,A60
1649,U58
1650,CK49
1651,SK25
1652,J22
1653,TM19
1654,CK54
1655,W693
1656,TB9
1657,TP16
1658,TM23
1659,W10
1660,C22M
1661,TGM3
1662,KTM3
1663,TM33
1664,CK53
1665,J71
1666,BE241
1667,W65
1668,KU4
1669,BE22
1670,SE51
1671,PM5
1672,TPMH
1673,Y77L
1674,TPMK
1675,PL16
1676,UBK2
1677,Y43
1678,BM28
1679,PL59
1680,KB7
1681,HCM
1682,SK63
1683,Y8
1684,M1
1685,HG75
1686,W570
1687,TB2
1688,DRM4
1689,PL49
1690,BL19S
1691,P40L2
1692,J98M
1693,BE39
1694,NTL
1695,PR3
1696,W785
1697,SK11
1698,BE6
1699,HG70
1700,BJ67
1701,TW2
1702,BJ1L
1703,SB36
1704,CK73
1705,BBM5
1706,JM23
1707,P15
1708,CKT1
1709,A38
1710,A85
1711,AR2M
1712,PL47
1713,P40L
1714,W82
1715,BJ57
1716,TJ42
1717,P6M
1718,HG2D
1719,BJ40
1720,SIM1
1721,SK83
1722,P11
1723,JM2
1724,JS3L
1725,A42
1726,SK15
1727,Y31
1728,EC8
1729,CK12
1730,TJ37
1731,PL23
1732,Y41M
1733,P3
1734,SK70
1735,BJ20
1736,BRM7
1737,P13
1738,W56
1739,MN2
1740,T77
1741,U22
1742,B7A
1743,S104
1744,SD4
1745,BE8
1746,PM23
1747,CK7
1748,PM19
1749,SK21
1750,PM43
1751,B69
1752,W887
1753,BJ54
1754,K52
1755,SE50
1756,W15
1757,P1
1758,PM21
1759,B60
1760,BJ17
1761,GM5
1762,C26
1763,J41
1764,UBKM
1765,SK90
1766,U10
1767,AM80
1768,B63
1769,UAM1
1770,SE18
1771,HG3L
1772,BE13
1773,T39
1774,A70
1775,BH2
1776,T72
1777,SB45
1778,BM1
1779,Y35
1780,HG32
1781,CK37
1782,MP4M
1783,J95
1784,SK22
1785,W24
1786,A39
1787,RC1
1788,W79
1789,BE9
1790,SE11
1791,SI9
1792,J74M
1793,PR13
1794,U1
1795,BJ44
1796,TP8
1797,SGTM
1798,Y46
1799,SE27
1800,B70
1801,KE3M
1802,CK33
1803,FR3M
1804,PL11
1805,TP3
1806,Q96
1807,TJ28M
1808,PM28
1809,BBM7
1810,SK64
1811,M35
1812,SM1
1813,U8
1814,HE8
1815,T49
1816,CKM3
1817,HG38
1818,SI11
1819,PM15
1820,HRM
1821,PL37
1822,A31
1823,B7
1824,LBM
1825,HG33
1826,J99M
1827,B10M
1828,Y57
1829,TP17
1830,SI2
1831,A12
1832,S105
1833,Y77M
1834,BE29
1835,J3
1836,TPMR
1837,HG42
1838,PL10
1839,ACB
1840,Q67
1841,JSA1
1842,SB41
1843,SM9A
1844,MR5
1845,AM18
1846,J39
1847,TM44
1848,TPMJ
1849,Y45
1850,HG17
1851,TP67
1852,TM21
1853,J49
1854,B84
1855,HG34
1856,J68M
1857,C20M
1858,BRM1
1859,JM25
1860,SK26
1861,PM34
1862,W694
1863,J61
1864,GE1F
1865,SK38
1866,CK59
1867,HG68
1868,BR4
1869,BBM1
1870,TP4A
1871,J12
1872,BE35
1873,AR7L
1874,U21
1875,EI3
1876,JB2
1877,SE43
1878,Y33
1879,JM10
1880,T7
1881,Y18
1882,SI13
1883,SK61
1884,HG56
1885,PL26
1886,JM20
1887,SM9
1888,MLM
1889,U45
1890,U24
1891,KB4
1892,CR3
1893,W49
1894,Y26
1895,PL29
1896,PM22
1897,PL25
1898,S39L
1899,Q77M
1900,TPMP
1901,SIM6
1902,H3
1903,H14
1904,HG1D
1905,HG76
1906,J16
1907,C24
1908,TP14
1909,SK69
1910,J40
1911,TB10
1912,BBM3
1913,W889
1914,HG1E
1915,SB28
1916,BJ23
1917,SB20
1918,SK71
1919,TM26
1920,C34
1921,SK35
1922,EC3
1923,Y21M
1924,J60M
